{
  "version": "36.0.0",
  "files": {
    "cd008af14efaf89c6823f226b8036abaac2afa7cd50f8d35360d8f4a9ec57ea5": {
      "source": {
        "path": "asset.cd008af14efaf89c6823f226b8036abaac2afa7cd50f8d35360d8f4a9ec57ea5.zip",
        "packaging": "file"
      },
      "destinations": {
        "current_account-current_region": {
          "bucketName": "cdk-hnb659fds-assets-${AWS::AccountId}-${AWS::Region}",
          "objectKey": "cd008af14efaf89c6823f226b8036abaac2afa7cd50f8d35360d8f4a9ec57ea5.zip",
          "assumeRoleArn": "arn:${AWS::Partition}:iam::${AWS::AccountId}:role/cdk-hnb659fds-file-publishing-role-${AWS::AccountId}-${AWS::Region}"
        }
      }
    },
    "81efa32bb51bc3351b94aef4a68526a408e54055c8cd3a1cc7f0d314b7a44f48": {
      "source": {
        "path": "EventBridgeLambdaStack124.template.json",
        "packaging": "file"
      },
      "destinations": {
        "current_account-current_region": {
          "bucketName": "cdk-hnb659fds-assets-${AWS::AccountId}-${AWS::Region}",
          "objectKey": "81efa32bb51bc3351b94aef4a68526a408e54055c8cd3a1cc7f0d314b7a44f48.json",
          "assumeRoleArn": "arn:${AWS::Partition}:iam::${AWS::AccountId}:role/cdk-hnb659fds-file-publishing-role-${AWS::AccountId}-${AWS::Region}"
        }
      }
    }
  },
  "dockerImages": {}
}