{
  "version": "36.0.0",
  "files": {
    "b6f9ede98287679b07e562954d5ef5795c469f35eec617b01c40031e2f178408": {
      "source": {
        "path": "asset.b6f9ede98287679b07e562954d5ef5795c469f35eec617b01c40031e2f178408.zip",
        "packaging": "file"
      },
      "destinations": {
        "current_account-current_region": {
          "bucketName": "cdk-hnb659fds-assets-${AWS::AccountId}-${AWS::Region}",
          "objectKey": "b6f9ede98287679b07e562954d5ef5795c469f35eec617b01c40031e2f178408.zip",
          "assumeRoleArn": "arn:${AWS::Partition}:iam::${AWS::AccountId}:role/cdk-hnb659fds-file-publishing-role-${AWS::AccountId}-${AWS::Region}"
        }
      }
    },
    "469e6fa071567d345845396a4771a6c059672412a3a30a299a56a474292ccd51": {
      "source": {
        "path": "EventBridgeLambdaStack126.template.json",
        "packaging": "file"
      },
      "destinations": {
        "current_account-current_region": {
          "bucketName": "cdk-hnb659fds-assets-${AWS::AccountId}-${AWS::Region}",
          "objectKey": "469e6fa071567d345845396a4771a6c059672412a3a30a299a56a474292ccd51.json",
          "assumeRoleArn": "arn:${AWS::Partition}:iam::${AWS::AccountId}:role/cdk-hnb659fds-file-publishing-role-${AWS::AccountId}-${AWS::Region}"
        }
      }
    }
  },
  "dockerImages": {}
}